"DateTime","Taxa de Câmbio Nominal"
"2011-07-12",1.5773
"2011-07-13",1.5762
"2011-07-14",1.5729
"2011-07-15",1.5743
"2011-07-18",1.5828
"2011-07-19",1.5691
"2011-07-20",1.5651
"2011-07-21",1.5567
"2011-07-22",1.5547
"2011-07-25",1.5449
"2011-07-26",1.5345
"2011-07-27",1.5639
"2011-07-28",1.5651
"2011-07-29",1.5563
"2011-08-01",1.5551
"2011-08-02",1.5656
"2011-08-03",1.5651
"2011-08-04",1.5752
"2011-08-05",1.5895
"2011-08-08",1.5999
"2011-08-09",1.6334
"2011-08-10",1.6183
"2011-08-11",1.6306
"2011-08-12",1.6157
"2011-08-15",1.5956
"2011-08-16",1.5918
"2011-08-17",1.583
"2011-08-18",1.6062
"2011-08-19",1.596
"2011-08-22",1.6009
"2011-08-23",1.6036
"2011-08-24",1.6039
"2011-08-25",1.6154
"2011-08-26",1.6114
"2011-08-29",1.5974
"2011-08-30",1.5904
"2011-08-31",1.5872
"2011-09-01",1.604
"2011-09-02",1.6343
"2011-09-05",1.6522
"2011-09-06",1.6583
"2011-09-08",1.6566
"2011-09-09",1.6774
"2011-09-12",1.6899
"2011-09-13",1.7127
"2011-09-14",1.7288
"2011-09-15",1.7106
"2011-09-16",1.7122
"2011-09-19",1.7763
"2011-09-20",1.787
"2011-09-21",1.828
"2011-09-22",1.9016
"2011-09-23",1.8735
"2011-09-26",1.8445
"2011-09-27",1.8008
"2011-09-28",1.8131
"2011-09-29",1.8291
"2011-09-30",1.8544
"2011-10-03",1.8811
"2011-10-04",1.8856
"2011-10-05",1.8456
"2011-10-06",1.8116
"2011-10-07",1.7666
"2011-10-10",1.7478
"2011-10-11",1.7658
"2011-10-13",1.7536
"2011-10-14",1.7376
"2011-10-17",1.7488
"2011-10-18",1.7724
"2011-10-19",1.7604
"2011-10-20",1.7826
"2011-10-21",1.7803
"2011-10-24",1.7768
"2011-10-25",1.7548
"2011-10-26",1.7606
"2011-10-27",1.7323
"2011-10-28",1.6986
"2011-10-31",1.6885
"2011-11-01",1.7506
"2011-11-03",1.727
"2011-11-04",1.7415
"2011-11-07",1.7503
"2011-11-08",1.7453
"2011-11-09",1.7516
"2011-11-10",1.761
"2011-11-11",1.7547
"2011-11-14",1.7649
"2011-11-16",1.7772
"2011-11-17",1.7775
"2011-11-18",1.7723
"2011-11-21",1.8061
"2011-11-22",1.8069
"2011-11-23",1.8441
"2011-11-24",1.866
"2011-11-25",1.8937
"2011-11-28",1.8596
"2011-11-29",1.8486
"2011-11-30",1.8109
"2011-12-01",1.7929
"2011-12-02",1.7843
"2011-12-05",1.783
"2011-12-06",1.7913
"2011-12-07",1.798
"2011-12-08",1.7941
"2011-12-09",1.813
"2011-12-12",1.8219
"2011-12-13",1.8409
"2011-12-14",1.8728
"2011-12-15",1.8609
"2011-12-16",1.8465
"2011-12-19",1.8616
"2011-12-20",1.8508
"2011-12-21",1.8556
"2011-12-22",1.8578
"2011-12-23",1.856
"2011-12-26",1.8566
"2011-12-27",1.8585
"2011-12-28",1.8634
"2011-12-29",1.8758
"2011-12-30",1.8758
"2012-01-02",1.8683
"2012-01-03",1.8457
"2012-01-04",1.8272
"2012-01-05",1.8371
"2012-01-06",1.8449
"2012-01-09",1.8442
"2012-01-10",1.8042
"2012-01-11",1.8048
"2012-01-12",1.7874
"2012-01-13",1.7853
"2012-01-16",1.7836
"2012-01-17",1.776
"2012-01-18",1.7791
"2012-01-19",1.7648
"2012-01-20",1.767
"2012-01-23",1.7528
"2012-01-24",1.7649
"2012-01-25",1.7632
"2012-01-26",1.7389
"2012-01-27",1.7436
"2012-01-30",1.7509
"2012-01-31",1.7391
"2012-02-01",1.7376
"2012-02-02",1.7326
"2012-02-03",1.7223
"2012-02-06",1.7249
"2012-02-07",1.7261
"2012-02-08",1.7195
"2012-02-09",1.7225
"2012-02-10",1.726
"2012-02-13",1.7169
"2012-02-14",1.7173
"2012-02-15",1.7158
"2012-02-16",1.7326
"2012-02-17",1.7136
"2012-02-22",1.7076
"2012-02-23",1.704
"2012-02-24",1.7098
"2012-02-27",1.7088
"2012-02-28",1.7024
"2012-02-29",1.7092
"2012-03-01",1.7152
"2012-03-02",1.7245
"2012-03-05",1.7314
"2012-03-06",1.7556
"2012-03-07",1.7692
"2012-03-08",1.7697
"2012-03-09",1.7767
"2012-03-12",1.8157
"2012-03-13",1.8102
"2012-03-14",1.8146
"2012-03-15",1.8006
"2012-03-16",1.8018
"2012-03-19",1.809
"2012-03-20",1.8259
"2012-03-21",1.8267
"2012-03-22",1.825
"2012-03-23",1.8194
"2012-03-26",1.8143
"2012-03-27",1.8135
"2012-03-28",1.8223
"2012-03-29",1.8334
"2012-03-30",1.8221
"2012-04-02",1.8314
"2012-04-03",1.8256
"2012-04-04",1.8316
"2012-04-05",1.8301
"2012-04-09",1.826
"2012-04-10",1.8317
"2012-04-11",1.8303
"2012-04-12",1.827
"2012-04-13",1.8364
"2012-04-16",1.8373
"2012-04-17",1.8454
"2012-04-18",1.8694
"2012-04-19",1.8867
"2012-04-20",1.8786
"2012-04-23",1.8864
"2012-04-24",1.878
"2012-04-25",1.8807
"2012-04-26",1.8871
"2012-04-27",1.8852
"2012-04-30",1.8918
"2012-05-02",1.9149
"2012-05-03",1.9277
"2012-05-04",1.921
"2012-05-07",1.9268
"2012-05-08",1.9366
"2012-05-09",1.9577
"2012-05-10",1.9581
"2012-05-11",1.9513
"2012-05-14",1.9866
"2012-05-15",1.9947
"2012-05-16",1.9974
"2012-05-17",1.9973
"2012-05-18",2.0095
"2012-05-21",2.0374
"2012-05-22",2.0493
"2012-05-23",2.0816
"2012-05-24",2.0384
"2012-05-25",2.0032
"2012-05-28",1.9778
"2012-05-29",1.9944
"2012-05-30",2.0078
"2012-05-31",2.0223
"2012-06-01",2.035
"2012-06-04",2.041
"2012-06-05",2.0266
"2012-06-06",2.0183
"2012-06-08",2.0353
"2012-06-11",2.0348
"2012-06-12",2.0564
"2012-06-13",2.0604
"2012-06-14",2.0691
"2012-06-15",2.0443
"2012-06-18",2.0634
"2012-06-19",2.044
"2012-06-20",2.0293
"2012-06-21",2.0363
"2012-06-22",2.0555
"2012-06-25",2.0718
"2012-06-26",2.0743
"2012-06-27",2.0764
"2012-06-28",2.0904
"2012-06-29",2.0213
"2012-07-02",1.9893
"2012-07-03",1.9888
"2012-07-04",2.0201
"2012-07-05",2.0292
"2012-07-06",2.0359
"2012-07-09",2.0312
"2012-07-10",2.0332
"2012-07-11",2.031
"2012-07-12",2.0471
"2012-07-13",2.0338
"2012-07-16",2.038
"2012-07-17",2.0349
"2012-07-18",2.0258
"2012-07-19",2.0239
"2012-07-20",2.0227
"2012-07-23",2.0412
"2012-07-24",2.0418
"2012-07-25",2.0403
"2012-07-26",2.0255
"2012-07-27",2.0173
"2012-07-30",2.0313
"2012-07-31",2.0499
"2012-08-01",2.0432
"2012-08-02",2.0475
"2012-08-03",2.0313
"2012-08-06",2.0279
"2012-08-07",2.0281
"2012-08-08",2.0273
"2012-08-09",2.0182
"2012-08-10",2.0175
"2012-08-13",2.0266
"2012-08-14",2.0258
"2012-08-15",2.0234
"2012-08-16",2.0214
"2012-08-17",2.0182
"2012-08-20",2.0209
"2012-08-21",2.0173
"2012-08-22",2.021
"2012-08-23",2.0241
"2012-08-24",2.0255
"2012-08-27",2.0293
"2012-08-28",2.0433
"2012-08-29",2.0509
"2012-08-30",2.0513
"2012-08-31",2.0372
"2012-09-03",2.0335
"2012-09-04",2.0392
"2012-09-05",2.0385
"2012-09-06",2.0381
"2012-09-10",2.0241
"2012-09-11",2.0197
"2012-09-12",2.0204
"2012-09-13",2.0254
"2012-09-14",2.0139
"2012-09-17",2.0312
"2012-09-18",2.0274
"2012-09-19",2.0236
"2012-09-20",2.0263
"2012-09-21",2.024
"2012-09-24",2.0273
"2012-09-25",2.0251
"2012-09-26",2.0341
"2012-09-27",2.0311
"2012-09-28",2.0306
"2012-10-01",2.026
"2012-10-02",2.0266
"2012-10-03",2.0266
"2012-10-04",2.0224
"2012-10-05",2.0246
"2012-10-08",2.0313
"2012-10-09",2.0337
"2012-10-10",2.0378
"2012-10-11",2.0369
"2012-10-15",2.0382
"2012-10-16",2.0351
"2012-10-17",2.0336
"2012-10-18",2.0295
"2012-10-19",2.0272
"2012-10-22",2.0266
"2012-10-23",2.0286
"2012-10-24",2.0263
"2012-10-25",2.0261
"2012-10-26",2.0263
"2012-10-29",2.0296
"2012-10-30",2.0323
"2012-10-31",2.0313
"2012-11-01",2.0312
"2012-11-05",2.035
"2012-11-06",2.0341
"2012-11-07",2.033
"2012-11-08",2.0357
"2012-11-09",2.0512
"2012-11-12",2.0476
"2012-11-13",2.0614
"2012-11-14",2.0629
"2012-11-16",2.0712
"2012-11-19",2.0745
"2012-11-20",2.0835
"2012-11-21",2.0924
"2012-11-22",2.0912
"2012-11-23",2.0985
"2012-11-26",2.0787
"2012-11-27",2.0752
"2012-11-28",2.0912
"2012-11-29",2.0991
"2012-11-30",2.1074
"2012-12-03",2.1121
"2012-12-04",2.1077
"2012-12-05",2.1046
"2012-12-06",2.0836
"2012-12-07",2.0804
"2012-12-10",2.081
"2012-12-11",2.0743
"2012-12-12",2.0801
"2012-12-13",2.0751
"2012-12-14",2.084
"2012-12-17",2.0902
"2012-12-18",2.0966
"2012-12-19",2.0791
"2012-12-20",2.0625
"2012-12-21",2.0758
"2012-12-24",2.0774
"2012-12-26",2.0569
"2012-12-27",2.0483
"2012-12-28",2.0435
"2012-12-31",2.0435
"2013-01-02",2.0415
"2013-01-03",2.0464
"2013-01-04",2.0425
"2013-01-07",2.0312
"2013-01-08",2.0286
"2013-01-09",2.0417
"2013-01-10",2.0358
"2013-01-11",2.0341
"2013-01-14",2.0334
"2013-01-15",2.0374
"2013-01-16",2.0409
"2013-01-17",2.0411
"2013-01-18",2.0441
"2013-01-21",2.042
"2013-01-22",2.0471
"2013-01-23",2.0394
"2013-01-24",2.0344
"2013-01-25",2.0285
"2013-01-28",2.0241
"2013-01-29",1.9912
"2013-01-30",1.99
"2013-01-31",1.9883
"2013-02-01",1.9843
"2013-02-04",1.9893
"2013-02-05",1.9881
"2013-02-06",1.9884
"2013-02-07",1.9789
"2013-02-08",1.9636
"2013-02-13",1.967
"2013-02-14",1.9666
"2013-02-15",1.96
"2013-02-18",1.9676
"2013-02-19",1.9597
"2013-02-20",1.957
"2013-02-21",1.972
"2013-02-22",1.9705
"2013-02-25",1.9676
"2013-02-26",1.9818
"2013-02-27",1.9807
"2013-02-28",1.9754
"2013-03-01",1.9848
"2013-03-04",1.9827
"2013-03-05",1.9693
"2013-03-06",1.9673
"2013-03-07",1.9642
"2013-03-08",1.9528
"2013-03-11",1.9552
"2013-03-12",1.9585
"2013-03-13",1.9619
"2013-03-14",1.9676
"2013-03-15",1.9749
"2013-03-18",1.9871
"2013-03-19",1.983
"2013-03-20",1.9868
"2013-03-21",1.9931
"2013-03-22",2.0126
"2013-03-25",2.014
"2013-03-26",2.0087
"2013-03-27",2.0185
"2013-03-28",2.0138
"2013-04-01",2.0186
"2013-04-02",2.0179
"2013-04-03",2.0239
"2013-04-04",2.0201
"2013-04-05",2.0035
"2013-04-08",1.9902
"2013-04-09",1.9861
"2013-04-10",1.981
"2013-04-11",1.9736
"2013-04-12",1.9761
"2013-04-15",1.979
"2013-04-16",1.9903
"2013-04-17",1.9939
"2013-04-18",2.0152
"2013-04-19",2.0089
"2013-04-22",2.0154
"2013-04-23",2.017
"2013-04-24",2.0244
"2013-04-25",2.0119
"2013-04-26",2.0001
"2013-04-29",1.9999
"2013-04-30",2.0017
"2013-05-02",2.0095
"2013-05-03",2.0093
"2013-05-06",2.0143
"2013-05-07",2.011
"2013-05-08",2.003
"2013-05-09",2.0051
"2013-05-10",2.0231
"2013-05-13",2.015
"2013-05-14",2.0063
"2013-05-15",2.0233
"2013-05-16",2.0254
"2013-05-17",2.0354
"2013-05-20",2.0333
"2013-05-21",2.0402
"2013-05-22",2.0387
"2013-05-23",2.0537
"2013-05-24",2.0495
"2013-05-27",2.0527
"2013-05-28",2.0616
"2013-05-29",2.0894
"2013-05-31",2.1319
"2013-06-03",2.1355
"2013-06-04",2.1282
"2013-06-05",2.1235
"2013-06-06",2.125
"2013-06-07",2.1372
"2013-06-10",2.1506
"2013-06-11",2.1521
"2013-06-12",2.142
"2013-06-13",2.1447
"2013-06-14",2.1367
"2013-06-17",2.1538
"2013-06-18",2.1706
"2013-06-19",2.1744
"2013-06-20",2.2523
"2013-06-21",2.2648
"2013-06-24",2.2515
"2013-06-25",2.2185
"2013-06-26",2.1975
"2013-06-27",2.1846
"2013-06-28",2.2156
"2013-07-01",2.2297
"2013-07-02",2.2412
"2013-07-03",2.2634
"2013-07-04",2.2595
"2013-07-05",2.2645
"2013-07-08",2.2583
"2013-07-09",2.2628
"2013-07-10",2.2697
"2013-07-11",2.2672
"2013-07-12",2.267
"2013-07-15",2.2548
"2013-07-16",2.2353
"2013-07-17",2.2372
"2013-07-18",2.2297
"2013-07-19",2.2364
"2013-07-22",2.2386
"2013-07-23",2.2267
"2013-07-24",2.2348
"2013-07-25",2.2497
"2013-07-26",2.2488
"2013-07-29",2.2609
"2013-07-30",2.2734
"2013-07-31",2.2903
"2013-08-01",2.2914
"2013-08-02",2.2933
"2013-08-05",2.301
"2013-08-06",2.2955
"2013-08-07",2.3028
"2013-08-08",2.2882
"2013-08-09",2.2748
"2013-08-12",2.2722
"2013-08-13",2.3035
"2013-08-14",2.3118
"2013-08-15",2.3434
"2013-08-16",2.3565
"2013-08-19",2.398
"2013-08-20",2.3943
"2013-08-21",2.4169
"2013-08-22",2.4457
"2013-08-23",2.3868
"2013-08-26",2.3705
"2013-08-27",2.3998
"2013-08-28",2.3515
"2013-08-29",2.3578
"2013-08-30",2.3725
"2013-09-02",2.3643
"2013-09-03",2.3897
"2013-09-04",2.3538
"2013-09-05",2.3314
"2013-09-06",2.2979
"2013-09-09",2.2868
"2013-09-10",2.2779
"2013-09-11",2.2947
"2013-09-12",2.2769
"2013-09-13",2.2785
"2013-09-16",2.2649
"2013-09-17",2.2617
"2013-09-18",2.2489
"2013-09-19",2.2036
"2013-09-20",2.2053
"2013-09-23",2.2033
"2013-09-24",2.2031
"2013-09-25",2.2224
"2013-09-26",2.2285
"2013-09-27",2.2571
"2013-09-30",2.23
"2013-10-01",2.2123
"2013-10-02",2.2088
"2013-10-03",2.2069
"2013-10-04",2.2051
"2013-10-07",2.2087
"2013-10-08",2.2016
"2013-10-09",2.2054
"2013-10-10",2.185
"2013-10-11",2.1821
"2013-10-14",2.1817
"2013-10-15",2.1818
"2013-10-16",2.1629
"2013-10-17",2.1611
"2013-10-18",2.1616
"2013-10-21",2.1738
"2013-10-22",2.176
"2013-10-23",2.1826
"2013-10-24",2.2003
"2013-10-25",2.1848
"2013-10-28",2.1846
"2013-10-29",2.1804
"2013-10-30",2.1888
"2013-10-31",2.2026
"2013-11-01",2.2468
"2013-11-04",2.2426
"2013-11-05",2.2747
"2013-11-06",2.2785
"2013-11-07",2.2825
"2013-11-08",2.317
"2013-11-11",2.3142
"2013-11-12",2.3362
"2013-11-13",2.3234
"2013-11-14",2.3289
"2013-11-18",2.2828
"2013-11-19",2.2662
"2013-11-20",2.2726
"2013-11-21",2.3067
"2013-11-22",2.2913
"2013-11-25",2.2871
"2013-11-26",2.304
"2013-11-27",2.3058
"2013-11-28",2.3208
"2013-11-29",2.3249
"2013-12-02",2.3449
"2013-12-03",2.3558
"2013-12-04",2.374
"2013-12-05",2.3747
"2013-12-06",2.3525
"2013-12-09",2.3225
"2013-12-10",2.3102
"2013-12-11",2.3262
"2013-12-12",2.3338
"2013-12-13",2.3354
"2013-12-16",2.3255
"2013-12-17",2.3221
"2013-12-18",2.3274
"2013-12-19",2.3528
"2013-12-20",2.3817
"2013-12-23",2.3706
"2013-12-24",2.3554
"2013-12-26",2.3507
"2013-12-27",2.3538
"2013-12-30",2.3426
"2013-12-31",2.3426
"2014-01-02",2.3975
"2014-01-03",2.3741
"2014-01-06",2.3789
"2014-01-07",2.3634
"2014-01-08",2.3779
"2014-01-09",2.396
"2014-01-10",2.3819
"2014-01-13",2.3491
"2014-01-14",2.3617
"2014-01-15",2.347
"2014-01-16",2.3683
"2014-01-17",2.3601
"2014-01-20",2.3335
"2014-01-21",2.3608
"2014-01-22",2.3601
"2014-01-23",2.3761
"2014-01-24",2.4129
"2014-01-27",2.4044
"2014-01-28",2.4165
"2014-01-29",2.4397
"2014-01-30",2.4224
"2014-01-31",2.4263
"2014-02-03",2.409
"2014-02-04",2.4177
"2014-02-05",2.4106
"2014-02-06",2.4041
"2014-02-07",2.3817
"2014-02-10",2.3936
"2014-02-11",2.4076
"2014-02-12",2.4086
"2014-02-13",2.4238
"2014-02-14",2.3924
"2014-02-17",2.387
"2014-02-18",2.3983
"2014-02-19",2.3986
"2014-02-20",2.3799
"2014-02-21",2.3625
"2014-02-24",2.3391
"2014-02-25",2.3367
"2014-02-26",2.3454
"2014-02-27",2.3436
"2014-02-28",2.3334
"2014-03-05",2.324
"2014-03-06",2.3094
"2014-03-07",2.3382
"2014-03-10",2.341
"2014-03-11",2.3461
"2014-03-12",2.3649
"2014-03-13",2.3486
"2014-03-14",2.3638
"2014-03-17",2.3518
"2014-03-18",2.3522
"2014-03-19",2.3338
"2014-03-20",2.342
"2014-03-21",2.3245
"2014-03-24",2.3248
"2014-03-25",2.3124
"2014-03-26",2.3119
"2014-03-27",2.283
"2014-03-28",2.2603
"2014-03-31",2.263
"2014-04-01",2.262
"2014-04-02",2.2711
"2014-04-03",2.2811
"2014-04-04",2.242
"2014-04-07",2.2326
"2014-04-08",2.1974
"2014-04-09",2.2111
"2014-04-10",2.1987
"2014-04-11",2.2059
"2014-04-14",2.2096
"2014-04-15",2.2257
"2014-04-16",2.2342
"2014-04-17",2.2482
"2014-04-22",2.2449
"2014-04-23",2.2426
"2014-04-24",2.2229
"2014-04-25",2.2325
"2014-04-28",2.237
"2014-04-29",2.2199
"2014-04-30",2.236
"2014-05-02",2.2221
"2014-05-05",2.2286
"2014-05-06",2.2322
"2014-05-07",2.2282
"2014-05-08",2.2107
"2014-05-09",2.2192
"2014-05-12",2.2164
"2014-05-13",2.2101
"2014-05-14",2.2129
"2014-05-15",2.2166
"2014-05-16",2.211
"2014-05-19",2.2111
"2014-05-20",2.2156
"2014-05-21",2.2111
"2014-05-22",2.2131
"2014-05-23",2.2187
"2014-05-26",2.2209
"2014-05-27",2.2354
"2014-05-28",2.2405
"2014-05-29",2.2251
"2014-05-30",2.239
"2014-06-02",2.264
"2014-06-03",2.2654
"2014-06-04",2.2802
"2014-06-05",2.2695
"2014-06-06",2.2445
"2014-06-09",2.2336
"2014-06-10",2.2296
"2014-06-11",2.2307
"2014-06-12",2.2306
"2014-06-13",2.2347
"2014-06-16",2.2313
"2014-06-17",2.2486
"2014-06-18",2.2534
"2014-06-20",2.238
"2014-06-23",2.2195
"2014-06-24",2.2217
"2014-06-25",2.2052
"2014-06-26",2.2089
"2014-06-27",2.1975
"2014-06-30",2.2025
"2014-07-01",2.2054
"2014-07-02",2.2134
"2014-07-03",2.2281
"2014-07-04",2.2149
"2014-07-07",2.2201
"2014-07-08",2.215
"2014-07-09",2.2139
"2014-07-10",2.2237
"2014-07-11",2.2228
"2014-07-14",2.2176
"2014-07-15",2.2195
"2014-07-16",2.2193
"2014-07-17",2.2403
"2014-07-18",2.2362
"2014-07-21",2.2238
"2014-07-22",2.2129
"2014-07-23",2.2202
"2014-07-24",2.2204
"2014-07-25",2.2293
"2014-07-28",2.2302
"2014-07-29",2.2278
"2014-07-30",2.2447
"2014-07-31",2.2674
"2014-08-01",2.2607
"2014-08-04",2.2577
"2014-08-05",2.2756
"2014-08-06",2.279
"2014-08-07",2.2802
"2014-08-08",2.2986
"2014-08-11",2.2779
"2014-08-12",2.277
"2014-08-13",2.2692
"2014-08-14",2.2703
"2014-08-15",2.269
"2014-08-18",2.2595
"2014-08-19",2.2587
"2014-08-20",2.255
"2014-08-21",2.2582
"2014-08-22",2.2778
"2014-08-25",2.2808
"2014-08-26",2.2748
"2014-08-27",2.2591
"2014-08-28",2.2499
"2014-08-29",2.2396
"2014-09-01",2.2364
"2014-09-02",2.2521
"2014-09-03",2.2319
"2014-09-04",2.2356
"2014-09-05",2.2416
"2014-09-08",2.2491
"2014-09-09",2.2813
"2014-09-10",2.2967
"2014-09-11",2.288
"2014-09-12",2.3251
"2014-09-15",2.3401
"2014-09-16",2.3351
"2014-09-17",2.3384
"2014-09-18",2.3668
"2014-09-19",2.3656
"2014-09-22",2.387
"2014-09-23",2.4026
"2014-09-24",2.407
"2014-09-25",2.4085
"2014-09-26",2.431
"2014-09-29",2.4522
"2014-09-30",2.451
"2014-10-01",2.4623
"2014-10-02",2.4785
"2014-10-03",2.4932
"2014-10-06",2.4098
"2014-10-07",2.4038
"2014-10-08",2.4072
"2014-10-09",2.3914
"2014-10-10",2.4103
"2014-10-13",2.3923
"2014-10-14",2.3991
"2014-10-15",2.4316
"2014-10-16",2.477
"2014-10-17",2.4477
"2014-10-20",2.4554
"2014-10-21",2.4797
"2014-10-22",2.4781
"2014-10-23",2.5004
"2014-10-24",2.4805
"2014-10-27",2.5341
"2014-10-28",2.4869
"2014-10-29",2.4346
"2014-10-30",2.4119
"2014-10-31",2.4442
"2014-11-03",2.4839
"2014-11-04",2.5195
"2014-11-05",2.5168
"2014-11-06",2.5325
"2014-11-07",2.5721
"2014-11-10",2.539
"2014-11-11",2.5644
"2014-11-12",2.555
"2014-11-13",2.5725
"2014-11-14",2.6136
"2014-11-17",2.6035
"2014-11-18",2.5967
"2014-11-19",2.5849
"2014-11-20",2.545
"2014-11-21",2.5391
"2014-11-24",2.5282
"2014-11-25",2.5237
"2014-11-26",2.5103
"2014-11-27",2.5065
"2014-11-28",2.5601
"2014-12-01",2.5624
"2014-12-02",2.5664
"2014-12-03",2.5607
"2014-12-04",2.5797
"2014-12-05",2.5888
"2014-12-08",2.5923
"2014-12-09",2.6016
"2014-12-10",2.5931
"2014-12-11",2.6271
"2014-12-12",2.6558
"2014-12-15",2.6717
"2014-12-16",2.7403
"2014-12-17",2.7246
"2014-12-18",2.6676
"2014-12-19",2.6486
"2014-12-22",2.6527
"2014-12-23",2.6775
"2014-12-24",2.6832
"2014-12-26",2.6812
"2014-12-29",2.6783
"2014-12-30",2.6562
"2014-12-31",2.6562
"2015-01-02",2.6929
"2015-01-05",2.7107
"2015-01-06",2.7023
"2015-01-07",2.6807
"2015-01-08",2.6919
"2015-01-09",2.6583
"2015-01-12",2.6575
"2015-01-13",2.6485
"2015-01-14",2.6222
"2015-01-15",2.6122
"2015-01-16",2.6193
"2015-01-19",2.6243
"2015-01-20",2.6247
"2015-01-21",2.5968
"2015-01-22",2.5754
"2015-01-23",2.5856
"2015-01-26",2.5966
"2015-01-27",2.5809
"2015-01-28",2.5797
"2015-01-29",2.596
"2015-01-30",2.6623
"2015-02-02",2.6894
"2015-02-03",2.7059
"2015-02-04",2.7148
"2015-02-05",2.7386
"2015-02-06",2.7641
"2015-02-09",2.7873
"2015-02-10",2.8075
"2015-02-11",2.8576
"2015-02-12",2.8625
"2015-02-13",2.8392
"2015-02-18",2.843
"2015-02-19",2.8545
"2015-02-20",2.8701
"2015-02-23",2.8811
"2015-02-24",2.8649
"2015-02-25",2.8646
"2015-02-26",2.8728
"2015-02-27",2.8782
"2015-03-02",2.8655
"2015-03-03",2.9051
"2015-03-04",2.9804
"2015-03-05",2.9931
"2015-03-06",3.0366
"2015-03-09",3.1018
"2015-03-10",3.1299
"2015-03-11",3.1162
"2015-03-12",3.1171
"2015-03-13",3.2264
"2015-03-16",3.2257
"2015-03-17",3.2683
"2015-03-18",3.2518
"2015-03-19",3.2642
"2015-03-20",3.2423
"2015-03-23",3.18
"2015-03-24",3.131
"2015-03-25",3.1476
"2015-03-26",3.1915
"2015-03-27",3.2259
"2015-03-30",3.2601
"2015-03-31",3.208
"2015-04-01",3.1556
"2015-04-02",3.1492
"2015-04-06",3.0926
"2015-04-07",3.1231
"2015-04-08",3.0834
"2015-04-09",3.0466
"2015-04-10",3.0796
"2015-04-13",3.1011
"2015-04-14",3.088
"2015-04-15",3.0681
"2015-04-16",3.0249
"2015-04-17",3.0544
"2015-04-20",3.0473
"2015-04-22",3.0186
"2015-04-23",3.0084
"2015-04-24",2.9745
"2015-04-27",2.9236
"2015-04-28",2.8943
"2015-04-29",2.9375
"2015-04-30",2.9936
"2015-05-04",3.0754
"2015-05-05",3.0626
"2015-05-06",3.042
"2015-05-07",3.0421
"2015-05-08",2.9966
"2015-05-11",3.0175
"2015-05-12",3.0389
"2015-05-13",3.0103
"2015-05-14",3.0032
"2015-05-15",2.9894
"2015-05-18",3.0145
"2015-05-19",3.0284
"2015-05-20",3.0347
"2015-05-21",3.0295
"2015-05-22",3.0653
"2015-05-25",3.1212
"2015-05-26",3.1351
"2015-05-27",3.174
"2015-05-28",3.1748
"2015-05-29",3.1788
"2015-06-01",3.1789
"2015-06-02",3.1443
"2015-06-03",3.1184
"2015-06-05",3.1684
"2015-06-08",3.119
"2015-06-09",3.0991
"2015-06-10",3.0843
"2015-06-11",3.1514
"2015-06-12",3.1107
"2015-06-15",3.1036
"2015-06-16",3.1082
"2015-06-17",3.0989
"2015-06-18",3.0472
"2015-06-19",3.0788
"2015-06-22",3.0757
"2015-06-23",3.1042
"2015-06-24",3.0852
"2015-06-25",3.1015
"2015-06-26",3.1271
"2015-06-29",3.139
"2015-06-30",3.1026
"2015-07-01",3.1191
"2015-07-02",3.1173
"2015-07-03",3.1271
"2015-07-06",3.1431
"2015-07-07",3.1809
"2015-07-08",3.2282
"2015-07-09",3.2163
"2015-07-10",3.1897
"2015-07-13",3.1594
"2015-07-14",3.123
"2015-07-15",3.1532
"2015-07-16",3.1375
"2015-07-17",3.1832
"2015-07-20",3.2149
"2015-07-21",3.1813
"2015-07-22",3.2094
"2015-07-23",3.285
"2015-07-24",3.3254
"2015-07-27",3.3557
"2015-07-28",3.3815
"2015-07-29",3.3419
"2015-07-30",3.3652
"2015-07-31",3.394
"2015-08-03",3.4425
"2015-08-04",3.4675
"2015-08-05",3.4851
"2015-08-06",3.5347
"2015-08-07",3.5181
"2015-08-10",3.4909
"2015-08-11",3.4925
"2015-08-12",3.4826
"2015-08-13",3.5074
"2015-08-14",3.4761
"2015-08-17",3.4746
"2015-08-18",3.4811
"2015-08-19",3.4849
"2015-08-20",3.4751
"2015-08-21",3.4896
"2015-08-24",3.5494
"2015-08-25",3.5345
"2015-08-26",3.6326
"2015-08-27",3.5555
"2015-08-28",3.579
"2015-08-31",3.6467
"2015-09-01",3.6725
"2015-09-02",3.7314
"2015-09-03",3.776
"2015-09-04",3.7986
"2015-09-08",3.8028
"2015-09-09",3.787
"2015-09-10",3.8698
"2015-09-11",3.8698
"2015-09-14",3.8653
"2015-09-15",3.8599
"2015-09-16",3.8368
"2015-09-17",3.8921
"2015-09-18",3.9021
"2015-09-21",3.9821
"2015-09-22",4.0425
"2015-09-23",4.1041
"2015-09-24",4.1949
"2015-09-25",3.9479
"2015-09-28",4.0099
"2015-09-29",4.1172
"2015-09-30",3.9729
"2015-10-01",3.9794
"2015-10-02",4.001
"2015-10-05",3.9141
"2015-10-06",3.8567
"2015-10-07",3.806
"2015-10-08",3.8517
"2015-10-09",3.7386
"2015-10-13",3.825
"2015-10-14",3.8507
"2015-10-15",3.8344
"2015-10-16",3.8438
"2015-10-19",3.9015
"2015-10-20",3.8656
"2015-10-21",3.9386
"2015-10-22",3.936
"2015-10-23",3.8988
"2015-10-26",3.8582
"2015-10-27",3.9114
"2015-10-28",3.8797
"2015-10-29",3.9328
"2015-10-30",3.8589
"2015-11-03",3.8126
"2015-11-04",3.7687
"2015-11-05",3.7893
"2015-11-06",3.8059
"2015-11-09",3.7928
"2015-11-10",3.7981
"2015-11-11",3.7327
"2015-11-12",3.7996
"2015-11-13",3.8023
"2015-11-16",3.8336
"2015-11-17",3.8052
"2015-11-18",3.7921
"2015-11-19",3.7442
"2015-11-20",3.701
"2015-11-23",3.7231
"2015-11-24",3.7081
"2015-11-25",3.7688
"2015-11-26",3.7606
"2015-11-27",3.7399
"2015-11-30",3.8506
"2015-12-01",3.8745
"2015-12-02",3.8545
"2015-12-03",3.797
"2015-12-04",3.7575
"2015-12-07",3.7476
"2015-12-08",3.7921
"2015-12-09",3.758
"2015-12-10",3.7685
"2015-12-11",3.8548
"2015-12-14",3.9023
"2015-12-15",3.8703
"2015-12-16",3.9357
"2015-12-17",3.8929
"2015-12-18",3.9062
"2015-12-21",3.9831
"2015-12-22",3.977
"2015-12-23",3.9632
"2015-12-24",3.9524
"2015-12-28",3.9186
"2015-12-29",3.8492
"2015-12-30",3.9048
"2015-12-31",3.9048
"2016-01-04",4.0387
"2016-01-05",4.0114
"2016-01-06",4.0303
"2016-01-07",4.0475
"2016-01-08",4.025
"2016-01-11",4.0153
"2016-01-12",4.0299
"2016-01-13",3.9863
"2016-01-14",4.0223
"2016-01-15",4.0402
"2016-01-18",4.0364
"2016-01-19",4.0303
"2016-01-20",4.0861
"2016-01-21",4.1558
"2016-01-22",4.1232
"2016-01-25",4.1002
"2016-01-26",4.0967
"2016-01-27",4.0448
"2016-01-28",4.0838
"2016-01-29",4.0428
"2016-02-01",3.9986
"2016-02-02",3.9919
"2016-02-03",3.9558
"2016-02-04",3.8653
"2016-02-05",3.8975
"2016-02-10",3.9412
"2016-02-11",3.9642
"2016-02-12",3.9891
"2016-02-15",3.9885
"2016-02-16",4.0213
"2016-02-17",4.0318
"2016-02-18",4.0091
"2016-02-19",4.0492
"2016-02-22",3.9618
"2016-02-23",3.9684
"2016-02-24",3.99
"2016-02-25",3.94
"2016-02-26",3.9578
"2016-02-29",3.9796
"2016-03-01",3.9913
"2016-03-02",3.9116
"2016-03-03",3.8504
"2016-03-04",3.7188
"2016-03-07",3.7714
"2016-03-08",3.7813
"2016-03-09",3.7037
"2016-03-10",3.67
"2016-03-11",3.6271
"2016-03-14",3.6239
"2016-03-15",3.7116
"2016-03-16",3.8079
"2016-03-17",3.6445
"2016-03-18",3.6146
"2016-03-21",3.6229
"2016-03-22",3.6073
"2016-03-23",3.6531
"2016-03-24",3.6948
"2016-03-28",3.6408
"2016-03-29",3.6687
"2016-03-30",3.6116
"2016-03-31",3.5589
"2016-04-01",3.5799
"2016-04-04",3.5871
"2016-04-05",3.6581
"2016-04-06",3.6749
"2016-04-07",3.6921
"2016-04-08",3.6385
"2016-04-11",3.5284
"2016-04-12",3.5406
"2016-04-13",3.5429
"2016-04-14",3.5126
"2016-04-15",3.5276
"2016-04-18",3.5904
"2016-04-19",3.5538
"2016-04-20",3.5503
"2016-04-22",3.5829
"2016-04-25",3.5472
"2016-04-26",3.5301
"2016-04-27",3.5295
"2016-04-28",3.4992
"2016-04-29",3.4508
"2016-05-02",3.4991
"2016-05-03",3.555
"2016-05-04",3.5397
"2016-05-05",3.5296
"2016-05-06",3.5362
"2016-05-09",3.5387
"2016-05-10",3.4772
"2016-05-11",3.4645
"2016-05-12",3.4877
"2016-05-13",3.5041
"2016-05-16",3.5035
"2016-05-17",3.5037
"2016-05-18",3.5368
"2016-05-19",3.6003
"2016-05-20",3.5419
"2016-05-23",3.566
"2016-05-24",3.5491
"2016-05-25",3.5804
"2016-05-27",3.6168
"2016-05-30",3.5997
"2016-05-31",3.5951
"2016-06-01",3.6126
"2016-06-02",3.5961
"2016-06-03",3.5409
"2016-06-06",3.5098
"2016-06-07",3.4745
"2016-06-08",3.3898
"2016-06-09",3.3817
"2016-06-10",3.4261
"2016-06-13",3.4533
"2016-06-14",3.4839
"2016-06-15",3.4768
"2016-06-16",3.4904
"2016-06-17",3.4372
"2016-06-20",3.3835
"2016-06-21",3.3897
"2016-06-22",3.3883
"2016-06-23",3.3533
"2016-06-24",3.3772
"2016-06-27",3.3934
"2016-06-28",3.3267
"2016-06-29",3.2435
"2016-06-30",3.2098
"2016-07-01",3.2298
"2016-07-04",3.248
"2016-07-05",3.2904
"2016-07-06",3.3242
"2016-07-07",3.3388
"2016-07-08",3.2968
"2016-07-11",3.3031
"2016-07-12",3.275
"2016-07-13",3.2896
"2016-07-14",3.2311
"2016-07-15",3.2656
"2016-07-18",3.2634
"2016-07-19",3.2801
"2016-07-20",3.2512
"2016-07-21",3.2585
"2016-07-22",3.2854
"2016-07-25",3.2819
"2016-07-26",3.279
"2016-07-27",3.282
"2016-07-28",3.274
"2016-07-29",3.239
"2016-08-01",3.2662
"2016-08-02",3.249
"2016-08-03",3.2733
"2016-08-04",3.2183
"2016-08-05",3.1859
"2016-08-08",3.1771
"2016-08-09",3.1503
"2016-08-10",3.1302
"2016-08-11",3.1364
"2016-08-12",3.1602
"2016-08-15",3.1672
"2016-08-16",3.1749
"2016-08-17",3.2248
"2016-08-18",3.2215
"2016-08-19",3.2267
"2016-08-22",3.2163
"2016-08-23",3.2054
"2016-08-24",3.2372
"2016-08-25",3.2319
"2016-08-26",3.2153
"2016-08-29",3.2613
"2016-08-30",3.2525
"2016-08-31",3.2403
"2016-09-01",3.2472
"2016-09-02",3.2431
"2016-09-05",3.2721
"2016-09-06",3.2452
"2016-09-08",3.1934
"2016-09-09",3.2638
"2016-09-12",3.2854
"2016-09-13",3.2972
"2016-09-14",3.3262
"2016-09-15",3.3326
"2016-09-16",3.3004
"2016-09-19",3.2636
"2016-09-20",3.254
"2016-09-21",3.2408
"2016-09-22",3.2015
"2016-09-23",3.2242
"2016-09-26",3.24
"2016-09-27",3.2358
"2016-09-28",3.2476
"2016-09-29",3.2235
"2016-09-30",3.2462
"2016-10-03",3.2338
"2016-10-04",3.2203
"2016-10-05",3.2359
"2016-10-06",3.231
"2016-10-07",3.2134
"2016-10-10",3.2125
"2016-10-11",3.2136
"2016-10-13",3.2087
"2016-10-14",3.1864
"2016-10-17",3.1963
"2016-10-18",3.1874
"2016-10-19",3.18
"2016-10-20",3.1605
"2016-10-21",3.1593
"2016-10-24",3.1311
"2016-10-25",3.1193
"2016-10-26",3.1219
"2016-10-27",3.1429
"2016-10-28",3.1815
"2016-10-31",3.1811
"2016-11-01",3.2053
"2016-11-03",3.231
"2016-11-04",3.2449
"2016-11-07",3.2024
"2016-11-08",3.2024
"2016-11-09",3.2258
"2016-11-10",3.3104
"2016-11-11",3.4377
"2016-11-14",3.4446
"2016-11-16",3.4183
"2016-11-17",3.4052
"2016-11-18",3.3917
"2016-11-21",3.3517
"2016-11-22",3.3476
"2016-11-23",3.3927
"2016-11-24",3.3987
"2016-11-25",3.4279
"2016-11-28",3.3996
"2016-11-29",3.406
"2016-11-30",3.3967
"2016-12-01",3.4362
"2016-12-02",3.465
"2016-12-05",3.4598
"2016-12-06",3.4354
"2016-12-07",3.3895
"2016-12-08",3.4008
"2016-12-09",3.3858
"2016-12-12",3.3697
"2016-12-13",3.334
"2016-12-14",3.3103
"2016-12-15",3.383
"2016-12-16",3.3712
"2016-12-19",3.3778
"2016-12-20",3.3586
"2016-12-21",3.3297
"2016-12-22",3.3302
"2016-12-23",3.2696
"2016-12-26",3.2701
"2016-12-27",3.2776
"2016-12-28",3.2774
"2016-12-29",3.2591
"2016-12-30",3.2591
"2017-01-02",3.2729
"2017-01-03",3.2632
"2017-01-04",3.2333
"2017-01-05",3.2129
"2017-01-06",3.2057
"2017-01-09",3.2097
"2017-01-10",3.1918
"2017-01-11",3.2154
"2017-01-12",3.1661
"2017-01-13",3.2034
"2017-01-16",3.2234
"2017-01-17",3.21
"2017-01-18",3.2211
"2017-01-19",3.2113
"2017-01-20",3.1918
"2017-01-23",3.1609
"2017-01-24",3.1649
"2017-01-25",3.169
"2017-01-26",3.1804
"2017-01-27",3.1596
"2017-01-30",3.1316
"2017-01-31",3.127
"2017-02-01",3.1479
"2017-02-02",3.1196
"2017-02-03",3.1241
"2017-02-06",3.1179
"2017-02-07",3.1304
"2017-02-08",3.1255
"2017-02-09",3.1185
"2017-02-10",3.1155
"2017-02-13",3.1175
"2017-02-14",3.1004
"2017-02-15",3.0779
"2017-02-16",3.051
"2017-02-17",3.095
"2017-02-20",3.0918
"2017-02-21",3.097
"2017-02-22",3.0824
"2017-02-23",3.0638
"2017-02-24",3.0993
"2017-03-01",3.0976
"2017-03-02",3.1138
"2017-03-03",3.1364
"2017-03-06",3.1111
"2017-03-07",3.1185
"2017-03-08",3.1477
"2017-03-09",3.1735
"2017-03-10",3.1623
"2017-03-13",3.1541
"2017-03-14",3.1639
"2017-03-15",3.1629
"2017-03-16",3.108
"2017-03-17",3.1075
"2017-03-20",3.0898
"2017-03-21",3.0765
"2017-03-22",3.0939
"2017-03-23",3.1248
"2017-03-24",3.1282
"2017-03-27",3.1256
"2017-03-28",3.1303
"2017-03-29",3.1229
"2017-03-30",3.1247
"2017-03-31",3.1684
"2017-04-03",3.1167
"2017-04-04",3.1231
"2017-04-05",3.0923
"2017-04-06",3.116
"2017-04-07",3.1302
"2017-04-10",3.1409
"2017-04-11",3.1424
"2017-04-12",3.1463
"2017-04-13",3.1269
"2017-04-17",3.1036
"2017-04-18",3.0958
"2017-04-19",3.1294
"2017-04-20",3.1453
"2017-04-24",3.1251
"2017-04-25",3.1577
"2017-04-26",3.1847
"2017-04-27",3.1763
"2017-04-28",3.1984
"2017-05-02",3.1724
"2017-05-03",3.1489
"2017-05-04",3.178
"2017-05-05",3.1764
"2017-05-08",3.1938
"2017-05-09",3.1857
"2017-05-10",3.1606
"2017-05-11",3.1559
"2017-05-12",3.129
"2017-05-15",3.1011
"2017-05-16",3.0924
"2017-05-17",3.1076
"2017-05-18",3.3807
"2017-05-19",3.2878
"2017-05-22",3.2863
"2017-05-23",3.2654
"2017-05-24",3.2629
"2017-05-25",3.2824
"2017-05-26",3.2614
"2017-05-29",3.2709
"2017-05-30",3.2659
"2017-05-31",3.2437
"2017-06-01",3.2307
"2017-06-02",3.2401
"2017-06-05",3.282
"2017-06-06",3.2817
"2017-06-07",3.2747
"2017-06-08",3.2838
"2017-06-09",3.274
"2017-06-12",3.2986
"2017-06-13",3.3208
"2017-06-14",3.2836
"2017-06-16",3.2892
"2017-06-19",3.2975
"2017-06-20",3.3145
"2017-06-21",3.3247
"2017-06-22",3.3362
"2017-06-23",3.3342
"2017-06-26",3.3128
"2017-06-27",3.3172
"2017-06-28",3.303
"2017-06-29",3.2952
"2017-06-30",3.3082
"2017-07-03",3.3015
"2017-07-04",3.305
"2017-07-05",3.3193
"2017-07-06",3.3064
"2017-07-07",3.2895
"2017-07-10",3.265
"2017-07-11",3.2522
"2017-07-12",3.2264
"2017-07-13",3.2108
"2017-07-14",3.1899
"2017-07-17",3.1821
"2017-07-18",3.1668
"2017-07-19",3.1533
"2017-07-20",3.1402
"2017-07-21",3.1256
"2017-07-24",3.1459
"2017-07-25",3.1556
"2017-07-26",3.1657
"2017-07-27",3.1513
"2017-07-28",3.1457
"2017-07-31",3.1307
"2017-08-01",3.1161
"2017-08-02",3.1268
"2017-08-03",3.1194
"2017-08-04",3.1224
"2017-08-07",3.1267
"2017-08-08",3.132
"2017-08-09",3.1464
"2017-08-10",3.1543
"2017-08-11",3.1695
"2017-08-14",3.1888
"2017-08-15",3.1976
"2017-08-16",3.167
"2017-08-17",3.1603
"2017-08-18",3.1654
"2017-08-21",3.1443
"2017-08-22",3.1539
"2017-08-23",3.1569
"2017-08-24",3.1404
"2017-08-25",3.1462
"2017-08-28",3.1563
"2017-08-29",3.1695
"2017-08-30",3.1638
"2017-08-31",3.1471
"2017-09-01",3.1333
"2017-09-04",3.1389
"2017-09-05",3.1203
"2017-09-06",3.1133
"2017-09-08",3.0908
"2017-09-11",3.0852
"2017-09-12",3.1144
"2017-09-13",3.1343
"2017-09-14",3.1354
"2017-09-15",3.1255
"2017-09-18",3.1239
"2017-09-19",3.1323
"2017-09-20",3.1281
"2017-09-21",3.1347
"2017-09-22",3.1285
"2017-09-25",3.1412
"2017-09-26",3.1674
"2017-09-27",3.1932
"2017-09-28",3.1871
"2017-09-29",3.168
"2017-10-02",3.1642
"2017-10-03",3.1502
"2017-10-04",3.1315
"2017-10-05",3.1347
"2017-10-06",3.1648
"2017-10-09",3.177
"2017-10-10",3.1688
"2017-10-11",3.1639
"2017-10-13",3.1572
"2017-10-16",3.1607
"2017-10-17",3.1769
"2017-10-18",3.1673
"2017-10-19",3.1732
"2017-10-20",3.1833
"2017-10-23",3.2003
"2017-10-24",3.247
"2017-10-25",3.2387
"2017-10-26",3.2444
"2017-10-27",3.2801
"2017-10-30",3.2547
"2017-10-31",3.2769
"2017-11-01",3.2736
"2017-11-03",3.292
"2017-11-06",3.2851
"2017-11-07",3.2733
"2017-11-08",3.2509
"2017-11-09",3.2515
"2017-11-10",3.2661
"2017-11-13",3.2873
"2017-11-14",3.2834
"2017-11-16",3.2808
"2017-11-17",3.2788
"2017-11-20",3.2623
"2017-11-21",3.2591
"2017-11-22",3.2561
"2017-11-23",3.2371
"2017-11-24",3.23
"2017-11-27",3.2218
"2017-11-28",3.2232
"2017-11-29",3.2136
"2017-11-30",3.2616
"2017-12-01",3.2636
"2017-12-04",3.2506
"2017-12-05",3.2322
"2017-12-06",3.2354
"2017-12-07",3.2892
"2017-12-08",3.2811
"2017-12-11",3.2845
"2017-12-12",3.3149
"2017-12-13",3.3036
"2017-12-14",3.3332
"2017-12-15",3.3182
"2017-12-18",3.2881
"2017-12-19",3.2883
"2017-12-20",3.2909
"2017-12-21",3.3045
"2017-12-22",3.3209
"2017-12-26",3.32
"2017-12-27",3.3031
"2017-12-28",3.308
"2017-12-29",3.308
"2018-01-02",3.2697
"2018-01-03",3.2535
"2018-01-04",3.2318
"2018-01-05",3.2409
"2018-01-08",3.2357
"2018-01-09",3.2397
"2018-01-10",3.2467
"2018-01-11",3.2301
"2018-01-12",3.2197
"2018-01-15",3.1963
"2018-01-16",3.2219
"2018-01-17",3.2324
"2018-01-18",3.2129
"2018-01-19",3.2087
"2018-01-22",3.1934
"2018-01-23",3.2249
"2018-01-24",3.197
"2018-01-25",3.1391
"2018-01-26",3.145
"2018-01-29",3.1655
"2018-01-30",3.1661
"2018-01-31",3.1624
"2018-02-01",3.173
"2018-02-02",3.206
"2018-02-05",3.2355
"2018-02-06",3.2613
"2018-02-07",3.2467
"2018-02-08",3.2692
"2018-02-09",3.2821
"2018-02-14",3.2536
"2018-02-15",3.2208
"2018-02-16",3.2381
"2018-02-19",3.2347
"2018-02-20",3.2507
"2018-02-21",3.2555
"2018-02-22",3.2598
"2018-02-23",3.2417
"2018-02-26",3.2351
"2018-02-27",3.2383
"2018-02-28",3.2449
"2018-03-01",3.262
"2018-03-02",3.2614
"2018-03-05",3.2582
"2018-03-06",3.2246
"2018-03-07",3.2318
"2018-03-08",3.2518
"2018-03-09",3.2496
"2018-03-12",3.2606
"2018-03-13",3.2492
"2018-03-14",3.2584
"2018-03-15",3.2859
"2018-03-16",3.2905
"2018-03-19",3.2911
"2018-03-20",3.2981
"2018-03-21",3.2921
"2018-03-22",3.3033
"2018-03-23",3.3041
"2018-03-26",3.3034
"2018-03-27",3.3256
"2018-03-28",3.338
"2018-03-29",3.3238
"2018-04-02",3.3104
"2018-04-03",3.3139
"2018-04-04",3.3538
"2018-04-05",3.3196
"2018-04-06",3.3666
"2018-04-09",3.3903
"2018-04-10",3.4195
"2018-04-11",3.4052
"2018-04-12",3.3858
"2018-04-13",3.4105
"2018-04-16",3.4263
"2018-04-17",3.4041
"2018-04-18",3.3844
"2018-04-19",3.3977
"2018-04-20",3.4101
"2018-04-23",3.4421
"2018-04-24",3.4667
"2018-04-25",3.504
"2018-04-26",3.4977
"2018-04-27",3.4676
"2018-04-30",3.4811
"2018-05-02",3.5424
"2018-05-03",3.5484
"2018-05-04",3.5308
"2018-05-07",3.5458
"2018-05-08",3.5788
"2018-05-09",3.5943
"2018-05-10",3.5566
"2018-05-11",3.5716
"2018-05-14",3.6097
"2018-05-15",3.6753
"2018-05-16",3.6803
"2018-05-17",3.6874
"2018-05-18",3.7503
"2018-05-21",3.7072
"2018-05-22",3.6502
"2018-05-23",3.6507
"2018-05-24",3.6436
"2018-05-25",3.6587
"2018-05-28",3.7092
"2018-05-29",3.7289
"2018-05-30",3.737
"2018-06-01",3.7413
"2018-06-04",3.7424
"2018-06-05",3.7752
"2018-06-06",3.8193
"2018-06-07",3.9
"2018-06-08",3.7859
"2018-06-11",3.6913
"2018-06-12",3.7044
"2018-06-13",3.7054
"2018-06-14",3.7057
"2018-06-15",3.7738
"2018-06-18",3.7543
"2018-06-19",3.7566
"2018-06-20",3.7335
"2018-06-21",3.7894
"2018-06-22",3.7663
"2018-06-25",3.776
"2018-06-26",3.7721
"2018-06-27",3.8358
"2018-06-28",3.8521
"2018-06-29",3.8558
"2018-07-02",3.9055
"2018-07-03",3.892
"2018-07-04",3.9058
"2018-07-05",3.9192
"2018-07-06",3.9264
"2018-07-09",3.8692
"2018-07-10",3.8452
"2018-07-11",3.8417
"2018-07-12",3.8564
"2018-07-13",3.8745
"2018-07-16",3.8579
"2018-07-17",3.8671
"2018-07-18",3.8474
"2018-07-19",3.8847
"2018-07-20",3.7793
"2018-07-23",3.7915
"2018-07-24",3.7459
"2018-07-25",3.712
"2018-07-26",3.7243
"2018-07-27",3.7164
"2018-07-30",3.7155
"2018-07-31",3.7549
"2018-08-01",3.7491
"2018-08-02",3.7645
"2018-08-03",3.7201
"2018-08-06",3.7214
"2018-08-07",3.7118
"2018-08-08",3.7519
"2018-08-09",3.803
"2018-08-10",3.8472
"2018-08-13",3.8988
"2018-08-14",3.8812
"2018-08-15",3.9134
"2018-08-16",3.881
"2018-08-17",3.9389
"2018-08-20",3.943
"2018-08-21",3.9873
"2018-08-22",4.074
"2018-08-23",4.0727
"2018-08-24",4.0854
"2018-08-27",4.0687
"2018-08-28",4.1192
"2018-08-29",4.1353
"2018-08-30",4.1812
"2018-08-31",4.1353
"2018-09-03",4.1279
"2018-09-04",4.1652
"2018-09-05",4.1609
"2018-09-06",4.146
"2018-09-10",4.1007
"2018-09-11",4.1641
"2018-09-12",4.1259
"2018-09-13",4.1637
"2018-09-14",4.1879
"2018-09-17",4.1695
"2018-09-18",4.1369
"2018-09-19",4.1351
"2018-09-20",4.0997
"2018-09-21",4.0728
"2018-09-24",4.0594
"2018-09-25",4.1286
"2018-09-26",4.057
"2018-09-27",4.0092
"2018-09-28",4.0039
"2018-10-01",4.0273
"2018-10-02",3.9505
"2018-10-03",3.8542
"2018-10-04",3.9047
"2018-10-05",3.8699
"2018-10-08",3.7588
"2018-10-09",3.7391
"2018-10-10",3.751
"2018-10-11",3.746
"2018-10-15",3.7332
"2018-10-16",3.7079
"2018-10-17",3.7008
"2018-10-18",3.6963
"2018-10-19",3.7079
"2018-10-22",3.6903
"2018-10-23",3.708
"2018-10-24",3.706
"2018-10-25",3.7014
"2018-10-26",3.6753
"2018-10-29",3.6368
"2018-10-30",3.7019
"2018-10-31",3.7177
"2018-11-01",3.6973
"2018-11-05",3.7048
"2018-11-06",3.7492
"2018-11-07",3.7592
"2018-11-08",3.7391
"2018-11-09",3.7506
"2018-11-12",3.7478
"2018-11-13",3.7792
"2018-11-14",3.7924
"2018-11-16",3.7525
"2018-11-19",3.7553
"2018-11-20",3.7591
"2018-11-21",3.7872
"2018-11-22",3.8103
"2018-11-23",3.8081
"2018-11-26",3.8655
"2018-11-27",3.8925
"2018-11-28",3.8631
"2018-11-29",3.8568
"2018-11-30",3.8633
"2018-12-03",3.8285
"2018-12-04",3.8313
"2018-12-05",3.8561
"2018-12-06",3.9178
"2018-12-07",3.8964
"2018-12-10",3.911
"2018-12-11",3.9013
"2018-12-12",3.8629
"2018-12-13",3.879
"2018-12-14",3.909
"2018-12-17",3.9121
"2018-12-18",3.8997
"2018-12-19",3.8907
"2018-12-20",3.8443
"2018-12-21",3.8671
"2018-12-24",3.8855
"2018-12-26",3.9258
"2018-12-27",3.933
"2018-12-28",3.8748
"2018-12-31",3.8748
"2019-01-02",3.8595
"2019-01-03",3.7683
"2019-01-04",3.7627
"2019-01-07",3.7062
"2019-01-08",3.7208
"2019-01-09",3.6931
"2019-01-10",3.6869
"2019-01-11",3.7141
"2019-01-14",3.726
"2019-01-15",3.7049
"2019-01-16",3.7197
"2019-01-17",3.7591
"2019-01-18",3.7486
"2019-01-21",3.7705
"2019-01-22",3.7615
"2019-01-23",3.7994
"2019-01-24",3.7815
"2019-01-25",3.7626
"2019-01-28",3.7676
"2019-01-29",3.737
"2019-01-30",3.7151
"2019-01-31",3.6519
"2019-02-01",3.6694
"2019-02-04",3.6756
"2019-02-05",3.6741
"2019-02-06",3.7019
"2019-02-07",3.7193
"2019-02-08",3.7184
"2019-02-11",3.7391
"2019-02-12",3.7296
"2019-02-13",3.7277
"2019-02-14",3.7756
"2019-02-15",3.7155
"2019-02-18",3.7316
"2019-02-19",3.7206
"2019-02-20",3.71
"2019-02-21",3.7595
"2019-02-22",3.743
"2019-02-25",3.7285
"2019-02-26",3.7595
"2019-02-27",3.7351
"2019-02-28",3.7385
"2019-03-01",3.7832
"2019-03-06",3.8303
"2019-03-07",3.8487
"2019-03-08",3.8678
"2019-03-11",3.8461
"2019-03-12",3.8129
"2019-03-13",3.8265
"2019-03-14",3.8327
"2019-03-15",3.8344
"2019-03-18",3.8111
"2019-03-19",3.7762
"2019-03-20",3.7897
"2019-03-21",3.7967
"2019-03-22",3.8815
"2019-03-25",3.877
"2019-03-26",3.8646
"2019-03-27",3.9389
"2019-03-28",3.9682
"2019-03-29",3.8967
"2019-04-01",3.8682
"2019-04-02",3.8661
"2019-04-03",3.8436
"2019-04-04",3.8713
"2019-04-05",3.8622
"2019-04-08",3.8658
"2019-04-09",3.8563
"2019-04-10",3.8345
"2019-04-11",3.8399
"2019-04-12",3.8685
"2019-04-15",3.873
"2019-04-16",3.8913
"2019-04-17",3.9225
"2019-04-18",3.937
"2019-04-22",3.923
"2019-04-23",3.9436
"2019-04-24",3.963
"2019-04-25",3.9725
"2019-04-26",3.9353
"2019-04-29",3.9364
"2019-04-30",3.9453
"2019-05-02",3.965
"2019-05-03",3.9388
"2019-05-06",3.9624
"2019-05-07",3.988
"2019-05-08",3.9344
"2019-05-09",3.9673
"2019-05-10",3.9578
"2019-05-13",3.989
"2019-05-14",3.9788
"2019-05-15",4.0031
"2019-05-16",4.0138
"2019-05-17",4.0844
"2019-05-20",4.1056
"2019-05-21",4.081
"2019-05-22",4.0228
"2019-05-23",4.0513
"2019-05-24",4.0322
"2019-05-27",4.021
"2019-05-28",4.0275
"2019-05-29",3.9965
"2019-05-30",3.972
"2019-05-31",3.9407
"2019-06-03",3.9003
"2019-06-04",3.871
"2019-06-05",3.8611
"2019-06-06",3.8726
"2019-06-07",3.8571
"2019-06-10",3.879
"2019-06-11",3.8664
"2019-06-12",3.8437
"2019-06-13",3.8429
"2019-06-14",3.8813
"2019-06-17",3.8895
"2019-06-18",3.8608
"2019-06-19",3.8723
"2019-06-21",3.8255
"2019-06-24",3.8234
"2019-06-25",3.8303
"2019-06-26",3.8441
"2019-06-27",3.8642
"2019-06-28",3.8322
"2019-07-01",3.8193
"2019-07-02",3.8564
"2019-07-03",3.8475
"2019-07-04",3.794
"2019-07-05",3.8204
"2019-07-08",3.8065
"2019-07-09",3.7858
"2019-07-10",3.7697
"2019-07-11",3.7533
"2019-07-12",3.7452
"2019-07-15",3.7463
"2019-07-16",3.7624
"2019-07-17",3.7618
"2019-07-18",3.7489
"2019-07-19",3.7408
"2019-07-22",3.74
"2019-07-23",3.7621
"2019-07-24",3.7596
"2019-07-25",3.7849
"2019-07-26",3.7741
"2019-07-29",3.7909
"2019-07-30",3.79
"2019-07-31",3.7649
"2019-08-01",3.8296
"2019-08-02",3.8739
"2019-08-05",3.9404
"2019-08-06",3.9643
"2019-08-07",3.985
"2019-08-08",3.9409
"2019-08-09",3.9362
"2019-08-12",3.9966
"2019-08-13",3.9736
"2019-08-14",4.0074
"2019-08-15",4.0188
"2019-08-16",3.9933
"2019-08-19",4.0274
"2019-08-20",4.0425
"2019-08-21",4.0254
"2019-08-22",4.0444
"2019-08-23",4.0851
"2019-08-26",4.1367
"2019-08-27",4.1557
"2019-08-28",4.1559
"2019-08-29",4.168
"2019-08-30",4.1385
"2019-09-02",4.1581
"2019-09-03",4.1657
"2019-09-04",4.1249
"2019-09-05",4.0859
"2019-09-06",4.065
"2019-09-09",4.0766
"2019-09-10",4.1108
"2019-09-11",4.0631
"2019-09-12",4.0494
"2019-09-13",4.0616
"2019-09-16",4.0872
"2019-09-17",4.0998
"2019-09-18",4.0972
"2019-09-19",4.1393
"2019-09-20",4.1687
"2019-09-23",4.1734
"2019-09-24",4.1721
"2019-09-25",4.1827
"2019-09-26",4.1469
"2019-09-27",4.1587
"2019-09-30",4.1644
"2019-10-01",4.174
"2019-10-02",4.1546
"2019-10-03",4.1012
"2019-10-04",4.061
"2019-10-07",4.0688
"2019-10-08",4.0868
"2019-10-09",4.0954
"2019-10-10",4.1145
"2019-10-11",4.106
"2019-10-14",4.1263
"2019-10-15",4.1488
"2019-10-16",4.1714
"2019-10-17",4.1457
"2019-10-18",4.1376
"2019-10-21",4.1319
"2019-10-22",4.0858
"2019-10-23",4.0721
"2019-10-24",4.0089
"2019-10-25",4.0133
"2019-10-28",3.9793
"2019-10-29",3.9946
"2019-10-30",4.0186
"2019-10-31",4.0041
"2019-11-01",3.9786
"2019-11-04",3.9922
"2019-11-05",4.0043
"2019-11-06",4.0351
"2019-11-07",4.0927
"2019-11-08",4.1365
"2019-11-11",4.1559
"2019-11-12",4.1756
"2019-11-13",4.1767
"2019-11-14",4.1831
"2019-11-18",4.1827
"2019-11-19",4.2084
"2019-11-20",4.2037
"2019-11-21",4.2012
"2019-11-22",4.1832
"2019-11-25",4.2089
"2019-11-26",4.2559
"2019-11-27",4.2602
"2019-11-28",4.248
"2019-11-29",4.224
"2019-12-02",4.2261
"2019-12-03",4.2008
"2019-12-04",4.1926
"2019-12-05",4.2136
"2019-12-06",4.1783
"2019-12-09",4.1503
"2019-12-10",4.1427
"2019-12-11",4.1153
"2019-12-12",4.1092
"2019-12-13",4.0949
"2019-12-16",4.0801
"2019-12-17",4.0687
"2019-12-18",4.0548
"2019-12-19",4.0633
"2019-12-20",4.0777
"2019-12-23",4.0757
"2019-12-24",4.0813
"2019-12-26",4.0601
"2019-12-27",4.0545
"2019-12-30",4.0307
"2019-12-31",4.0307
"2020-01-02",4.0213
"2020-01-03",4.0522
"2020-01-06",4.0554
"2020-01-07",4.0841
"2020-01-08",4.0672
"2020-01-09",4.0744
"2020-01-10",4.0745
"2020-01-13",4.1309
"2020-01-14",4.1443
"2020-01-15",4.1622
"2020-01-16",4.1726
"2020-01-17",4.1837
"2020-01-20",4.1829
"2020-01-21",4.2014
"2020-01-22",4.1889
"2020-01-23",4.1662
"2020-01-24",4.1769
"2020-01-27",4.2196
"2020-01-28",4.2064
"2020-01-29",4.2013
"2020-01-30",4.2523
"2020-01-31",4.2695
"2020-02-03",4.2475
"2020-02-04",4.2381
"2020-02-05",4.2449
"2020-02-06",4.2477
"2020-02-07",4.3076
"2020-02-10",4.3195
"2020-02-11",4.3148
"2020-02-12",4.3366
"2020-02-13",4.3389
"2020-02-14",4.3163
"2020-02-17",4.3157
"2020-02-18",4.3471
"2020-02-19",4.3728
"2020-02-20",4.3873
"2020-02-21",4.3924
"2020-02-26",4.4359
"2020-02-27",4.4764
"2020-02-28",4.4987
"2020-03-02",4.4946
"2020-03-03",4.4883
"2020-03-04",4.5258
"2020-03-05",4.6207
"2020-03-06",4.6459
"2020-03-09",4.7379
"2020-03-10",4.6693
"2020-03-11",4.6738
"2020-03-12",4.8833
"2020-03-13",4.7362
"2020-03-16",4.9471
"2020-03-17",5.0496
"2020-03-18",5.1107
"2020-03-19",5.1444
"2020-03-20",5.0248
"2020-03-23",5.0805
"2020-03-24",5.0713
"2020-03-25",5.0706
"2020-03-26",5.001
"2020-03-27",5.1109
"2020-03-30",5.1594
"2020-03-31",5.1987
"2020-04-01",5.2404
"2020-04-02",5.2651
"2020-04-03",5.2997
"2020-04-06",5.2471
"2020-04-07",5.2217
"2020-04-08",5.2123
"2020-04-09",5.0779
"2020-04-13",5.1824
"2020-04-14",5.1858
"2020-04-15",5.2579
"2020-04-16",5.2377
"2020-04-17",5.2573
"2020-04-20",5.2837
"2020-04-22",5.3847
"2020-04-23",5.4467
"2020-04-24",5.651
"2020-04-27",5.6358
"2020-04-28",5.5683
"2020-04-29",5.4291
"2020-04-30",5.427
"2020-05-04",5.5816
"2020-05-05",5.5354
"2020-05-06",5.6676
"2020-05-07",5.8365
"2020-05-08",5.7653
"2020-05-11",5.7954
"2020-05-12",5.7723
"2020-05-13",5.9022
"2020-05-14",5.9372
"2020-05-15",5.8229
"2020-05-18",5.7375
"2020-05-19",5.7216
"2020-05-20",5.6968
"2020-05-21",5.6019
"2020-05-22",5.5808
"2020-05-25",5.4772
"2020-05-26",5.3707
"2020-05-27",5.2992
"2020-05-28",5.3405
"2020-05-29",5.4263
"2020-06-01",5.3639
"2020-06-02",5.2601
"2020-06-03",5.0516
"2020-06-04",5.1041
"2020-06-05",4.9775
"2020-06-08",4.9331
"2020-06-09",4.9057
"2020-06-10",4.8894
"2020-06-12",5.0373
"2020-06-15",5.1883
"2020-06-16",5.1285
"2020-06-17",5.2499
"2020-06-18",5.3468
"2020-06-19",5.3466
"2020-06-22",5.2226
"2020-06-23",5.1705
"2020-06-24",5.2435
"2020-06-25",5.3287
"2020-06-26",5.4629
"2020-06-29",5.4416
"2020-06-30",5.476
"2020-07-01",5.3651
"2020-07-02",5.3028
"2020-07-03",5.3374
"2020-07-06",5.3085
"2020-07-07",5.3318
"2020-07-08",5.3482
"2020-07-09",5.2978
"2020-07-10",5.344
"2020-07-13",5.3486
"2020-07-14",5.4288
"2020-07-15",5.3491
"2020-07-16",5.356
"2020-07-17",5.351
"2020-07-20",5.3635
"2020-07-21",5.2283
"2020-07-22",5.1111
"2020-07-23",5.1647
"2020-07-24",5.2146
"2020-07-27",5.1889
"2020-07-28",5.1777
"2020-07-29",5.1395
"2020-07-30",5.1837
"2020-07-31",5.2033
"2020-08-03",5.3075
"2020-08-04",5.3329
"2020-08-05",5.276
"2020-08-06",5.3431
"2020-08-07",5.4227
"2020-08-10",5.3933
"2020-08-11",5.4285
"2020-08-12",5.4551
"2020-08-13",5.3801
"2020-08-14",5.3852
"2020-08-17",5.4497
"2020-08-18",5.4659
"2020-08-19",5.4906
"2020-08-20",5.651
"2020-08-21",5.6064
"2020-08-24",5.5954
"2020-08-25",5.5997
"2020-08-26",5.568
"2020-08-27",5.5956
"2020-08-28",5.4679
"2020-08-31",5.4713
"2020-09-01",5.3732
"2020-09-02",5.3741
"2020-09-03",5.3079
"2020-09-04",5.2848
"2020-09-08",5.3698
"2020-09-09",5.3024
"2020-09-10",5.2936
"2020-09-11",5.2854
"2020-09-14",5.2984
"2020-09-15",5.2728
"2020-09-16",5.2532
"2020-09-17",5.2593
"2020-09-18",5.2889
"2020-09-21",5.444
"2020-09-22",5.4329
"2020-09-23",5.5311
"2020-09-24",5.5714
"2020-09-25",5.5667
"2020-09-28",5.5858
"2020-09-29",5.6528
"2020-09-30",5.6407
"2020-10-01",5.6441
"2020-10-02",5.6464
"2020-10-05",5.6299
"2020-10-06",5.5205
"2020-10-07",5.6018
"2020-10-08",5.62
"2020-10-09",5.5393
"2020-10-13",5.5859
"2020-10-14",5.5675
"2020-10-15",5.6172
"2020-10-16",5.6226
"2020-10-19",5.6023
"2020-10-20",5.583
"2020-10-21",5.6006
"2020-10-22",5.582
"2020-10-23",5.612
"2020-10-26",5.6328
"2020-10-27",5.6491
"2020-10-28",5.7325
"2020-10-29",5.7803
"2020-10-30",5.7718
"2020-11-03",5.6895
"2020-11-04",5.6932
"2020-11-05",5.5624
"2020-11-06",5.5313
"2020-11-09",5.2821
"2020-11-10",5.3696
"2020-11-11",5.402
"2020-11-12",5.4094
"2020-11-13",5.4854
"2020-11-16",5.4198
"2020-11-17",5.3968
"2020-11-18",5.2932
"2020-11-19",5.333
"2020-11-20",5.3505
"2020-11-23",5.3828
"2020-11-24",5.4037
"2020-11-25",5.3508
"2020-11-26",5.3201
"2020-11-27",5.3494
"2020-11-30",5.3317
"2020-12-01",5.2789
"2020-12-02",5.2267
"2020-12-03",5.1625
"2020-12-04",5.1706
"2020-12-07",5.1018
"2020-12-08",5.092
"2020-12-09",5.1109
"2020-12-10",5.0852
"2020-12-11",5.0691
"2020-12-14",5.0578
"2020-12-15",5.0968
"2020-12-16",5.1057
"2020-12-17",5.0612
"2020-12-18",5.0986
"2020-12-21",5.1572
"2020-12-22",5.1473
"2020-12-23",5.174
"2020-12-24",5.18
"2020-12-28",5.239
"2020-12-29",5.1942
"2020-12-30",5.1967
"2020-12-31",5.1967
"2021-01-04",5.1626
"2021-01-05",5.3269
"2021-01-06",5.3182
"2021-01-07",5.3433
"2021-01-08",5.3683
"2021-01-11",5.4966
"2021-01-12",5.4637
"2021-01-13",5.307
"2021-01-14",5.2617
"2021-01-15",5.2714
"2021-01-18",5.2788
"2021-01-19",5.2945
"2021-01-20",5.3033
"2021-01-21",5.3166
"2021-01-22",5.4301
"2021-01-25",5.5089
"2021-01-26",5.3865
"2021-01-27",5.3824
"2021-01-28",5.4282
"2021-01-29",5.4759
"2021-02-01",5.4608
"2021-02-02",5.3875
"2021-02-03",5.3423
"2021-02-04",5.391
"2021-02-05",5.3884
"2021-02-08",5.367
"2021-02-09",5.4216
"2021-02-10",5.4024
"2021-02-11",5.3626
"2021-02-12",5.3815
"2021-02-17",5.4138
"2021-02-18",5.4238
"2021-02-19",5.3924
"2021-02-22",5.5044
"2021-02-23",5.449
"2021-02-24",5.4182
"2021-02-25",5.46
"2021-02-26",5.5302
"2021-03-01",5.5832
"2021-03-02",5.6844
"2021-03-03",5.7342
"2021-03-04",5.6008
"2021-03-05",5.687
"2021-03-08",5.7343
"2021-03-09",5.8397
"2021-03-10",5.7449
"2021-03-11",5.589
"2021-03-12",5.564
"2021-03-15",5.6296
"2021-03-16",5.5851
"2021-03-17",5.6579
"2021-03-18",5.5474
"2021-03-19",5.5082
"2021-03-22",5.5269
"2021-03-23",5.4951
"2021-03-24",5.533
"2021-03-25",5.6585
"2021-03-26",5.7042
"2021-03-29",5.7925
"2021-03-30",5.7642
"2021-03-31",5.6973
"2021-04-01",5.6849
"2021-04-05",5.6579
"2021-04-06",5.6263
"2021-04-07",5.5864
"2021-04-08",5.5817
"2021-04-09",5.6445
"2021-04-12",5.6582
"2021-04-13",5.7064
"2021-04-14",5.6936
"2021-04-15",5.6234
"2021-04-16",5.6328
"2021-04-19",5.575
"2021-04-20",5.5266
"2021-04-22",5.497
"2021-04-23",5.4787
"2021-04-26",5.4566
"2021-04-27",5.4424
"2021-04-28",5.4005
"2021-04-29",5.3662
"2021-04-30",5.4036
"2021-05-03",5.4087
"2021-05-04",5.4505
"2021-05-05",5.3872
"2021-05-06",5.2897
"2021-05-07",5.2217
"2021-05-10",5.2227
"2021-05-11",5.2403
"2021-05-12",5.2353
"2021-05-13",5.2815
"2021-05-14",5.2701
"2021-05-17",5.2755
"2021-05-18",5.2588
"2021-05-19",5.2822
"2021-05-20",5.2905
"2021-05-21",5.3027
"2021-05-24",5.3198
"2021-05-25",5.3143
"2021-05-26",5.3164
"2021-05-27",5.284
"2021-05-28",5.2281
"2021-05-31",5.2322
"2021-06-01",5.1636
"2021-06-02",5.1147
"2021-06-04",5.0666
"2021-06-07",5.0498
"2021-06-08",5.0489
"2021-06-09",5.0533
"2021-06-10",5.0635
"2021-06-11",5.119
"2021-06-14",5.0707
"2021-06-15",5.0874
"2021-06-16",5.0207
"2021-06-17",5.0359
"2021-06-18",5.0314
"2021-06-21",5.0373
"2021-06-22",5.0178
"2021-06-23",4.9519
"2021-06-24",4.9277
"2021-06-25",4.9206
"2021-06-28",4.942
"2021-06-29",4.945
"2021-06-30",5.0022
"2021-07-01",5.0055
"2021-07-02",5.0293
"2021-07-05",5.0749
"2021-07-06",5.1645
"2021-07-07",5.2328
"2021-07-08",5.2587
"2021-07-09",5.2393